-- MySQL dump 10.13  Distrib 5.7.12, for Win64 (x86_64)
--
-- Host: localhost    Database: sys_pos_larasbakery
-- ------------------------------------------------------
-- Server version	5.5.28

/*!40101 SET @OLD_CHARACTER_SET_CLIENT=@@CHARACTER_SET_CLIENT */;
/*!40101 SET @OLD_CHARACTER_SET_RESULTS=@@CHARACTER_SET_RESULTS */;
/*!40101 SET @OLD_COLLATION_CONNECTION=@@COLLATION_CONNECTION */;
/*!40101 SET NAMES utf8 */;
/*!40103 SET @OLD_TIME_ZONE=@@TIME_ZONE */;
/*!40103 SET TIME_ZONE='+00:00' */;
/*!40014 SET @OLD_UNIQUE_CHECKS=@@UNIQUE_CHECKS, UNIQUE_CHECKS=0 */;
/*!40014 SET @OLD_FOREIGN_KEY_CHECKS=@@FOREIGN_KEY_CHECKS, FOREIGN_KEY_CHECKS=0 */;
/*!40101 SET @OLD_SQL_MODE=@@SQL_MODE, SQL_MODE='NO_AUTO_VALUE_ON_ZERO' */;
/*!40111 SET @OLD_SQL_NOTES=@@SQL_NOTES, SQL_NOTES=0 */;

--
-- Table structure for table `master_product`
--

DROP TABLE IF EXISTS `master_product`;
/*!40101 SET @saved_cs_client     = @@character_set_client */;
/*!40101 SET character_set_client = utf8 */;
CREATE TABLE `master_product` (
  `ID` int(10) unsigned NOT NULL AUTO_INCREMENT,
  `PRODUCT_ID` varchar(50) DEFAULT '',
  `PRODUCT_BARCODE` varchar(15) DEFAULT '0',
  `PRODUCT_NAME` varchar(50) DEFAULT '',
  `PRODUCT_DESCRIPTION` varchar(100) DEFAULT '',
  `PRODUCT_BASE_PRICE` double DEFAULT '0',
  `PRODUCT_RETAIL_PRICE` double DEFAULT '0',
  `PRODUCT_BULK_PRICE` double DEFAULT '0',
  `PRODUCT_WHOLESALE_PRICE` double DEFAULT '0',
  `PRODUCT_PHOTO_1` varchar(50) DEFAULT '',
  `UNIT_ID` smallint(5) unsigned DEFAULT '0',
  `PRODUCT_BS_PRICE` double DEFAULT '0',
  `PRODUCT_STOCK_QTY` double DEFAULT '0',
  `PRODUCT_STOCK_AWAL` double DEFAULT '0',
  `PRODUCT_BS_QTY` double DEFAULT '0',
  `PRODUCT_LIMIT_STOCK` double DEFAULT '0',
  `PRODUCT_SHELVES` varchar(5) DEFAULT '--00',
  `PRODUCT_ACTIVE` tinyint(3) unsigned DEFAULT '0',
  `PRODUCT_BRAND` varchar(50) DEFAULT '',
  `PRODUCT_IS_SERVICE` tinyint(3) unsigned DEFAULT '0',
  PRIMARY KEY (`ID`),
  UNIQUE KEY `PRODUCT_ID_UNIQUE` (`PRODUCT_ID`)
) ENGINE=InnoDB DEFAULT CHARSET=utf8;
/*!40101 SET character_set_client = @saved_cs_client */;

--
-- Dumping data for table `master_product`
--

LOCK TABLES `master_product` WRITE;
/*!40000 ALTER TABLE `master_product` DISABLE KEYS */;
/*!40000 ALTER TABLE `master_product` ENABLE KEYS */;
UNLOCK TABLES;

--
-- Table structure for table `master_customer`
--

DROP TABLE IF EXISTS `master_customer`;
/*!40101 SET @saved_cs_client     = @@character_set_client */;
/*!40101 SET character_set_client = utf8 */;
CREATE TABLE `master_customer` (
  `SYNC_ID` int(10) unsigned NOT NULL AUTO_INCREMENT,
  `BRANCH_ID` tinyint(3) unsigned DEFAULT '0',
  `CUSTOMER_ID` smallint(5) unsigned NOT NULL,
  `CUSTOMER_FULL_NAME` varchar(50) DEFAULT NULL,
  `CUSTOMER_ADDRESS1` varchar(50) DEFAULT NULL,
  `CUSTOMER_ADDRESS2` varchar(50) DEFAULT NULL,
  `CUSTOMER_ADDRESS_CITY` varchar(50) DEFAULT NULL,
  `CUSTOMER_PHONE` varchar(15) DEFAULT NULL,
  `CUSTOMER_FAX` varchar(15) DEFAULT NULL,
  `CUSTOMER_EMAIL` varchar(50) DEFAULT NULL,
  `CUSTOMER_ACTIVE` tinyint(3) unsigned DEFAULT NULL,
  `CUSTOMER_JOINED_DATE` date DEFAULT NULL,
  `CUSTOMER_TOTAL_SALES_COUNT` int(11) DEFAULT NULL,
  `CUSTOMER_GROUP` tinyint(3) unsigned DEFAULT NULL,
  `SYNCHRONIZED` tinyint(3) DEFAULT '0',
  `EDITED` tinyint(3) DEFAULT '0',  
  PRIMARY KEY (`SYNC_ID`)
) ENGINE=InnoDB DEFAULT CHARSET=utf8;
/*!40101 SET character_set_client = @saved_cs_client */;

--
-- Dumping data for table `master_customer`
--

LOCK TABLES `master_customer` WRITE;
/*!40000 ALTER TABLE `master_customer` DISABLE KEYS */;
/*!40000 ALTER TABLE `master_customer` ENABLE KEYS */;
UNLOCK TABLES;

--
-- Table structure for table `master_branch`
--

DROP TABLE IF EXISTS `master_branch`;
/*!40101 SET @saved_cs_client     = @@character_set_client */;
/*!40101 SET character_set_client = utf8 */;
CREATE TABLE `master_branch` (
  `BRANCH_ID` tinyint(3) unsigned NOT NULL AUTO_INCREMENT,
  `BRANCH_NAME` varchar(50) NOT NULL,
  `BRANCH_ADDRESS_1` varchar(50) DEFAULT NULL,
  `BRANCH_ADDRESS_2` varchar(50) DEFAULT NULL,
  `BRANCH_ADDRESS_CITY` varchar(50) DEFAULT NULL,
  `BRANCH_TELEPHONE` varchar(15) DEFAULT NULL,
  `BRANCH_IP4` varchar(15) NOT NULL,
  `BRANCH_ACTIVE` tinyint(1) unsigned DEFAULT NULL,
  PRIMARY KEY (`BRANCH_ID`),
  UNIQUE KEY `BRANCH_NAME_UNIQUE` (`BRANCH_NAME`),
  UNIQUE KEY `BRANCH_IP4_UNIQUE` (`BRANCH_IP4`)
) ENGINE=InnoDB DEFAULT CHARSET=utf8;
/*!40101 SET character_set_client = @saved_cs_client */;

--
-- Dumping data for table `master_branch`
--

LOCK TABLES `master_branch` WRITE;
/*!40000 ALTER TABLE `master_branch` DISABLE KEYS */;
/*!40000 ALTER TABLE `master_branch` ENABLE KEYS */;
UNLOCK TABLES;

--
-- Table structure for table `master_category`
--

DROP TABLE IF EXISTS `master_category`;
/*!40101 SET @saved_cs_client     = @@character_set_client */;
/*!40101 SET character_set_client = utf8 */;
CREATE TABLE `master_category` (
  `CATEGORY_ID` tinyint(3) unsigned AUTO_INCREMENT,
  `CATEGORY_NAME` varchar(50) DEFAULT NULL,
  `CATEGORY_DESCRIPTION` varchar(100) DEFAULT NULL,
  `CATEGORY_ACTIVE` tinyint(3) unsigned DEFAULT NULL,
  PRIMARY KEY (`CATEGORY_ID`)
) ENGINE=InnoDB DEFAULT CHARSET=utf8;
/*!40101 SET character_set_client = @saved_cs_client */;

--
-- Dumping data for table `master_category`
--

LOCK TABLES `master_category` WRITE;
/*!40000 ALTER TABLE `master_category` DISABLE KEYS */;
/*!40000 ALTER TABLE `master_category` ENABLE KEYS */;
UNLOCK TABLES;

--
-- Table structure for table `master_group`
--

DROP TABLE IF EXISTS `master_group`;
/*!40101 SET @saved_cs_client     = @@character_set_client */;
/*!40101 SET character_set_client = utf8 */;
CREATE TABLE `master_group` (
  `GROUP_ID` tinyint(3) unsigned NOT NULL AUTO_INCREMENT,
  `GROUP_USER_NAME` varchar(50) NOT NULL,
  `GROUP_USER_DESCRIPTION` varchar(100) NOT NULL,
  `GROUP_USER_ACTIVE` tinyint(1) unsigned NOT NULL,
  `GROUP_IS_CASHIER` tinyint(1) DEFAULT '0',
  PRIMARY KEY (`GROUP_ID`)
) ENGINE=InnoDB AUTO_INCREMENT=3 DEFAULT CHARSET=utf8;
/*!40101 SET character_set_client = @saved_cs_client */;

--
-- Dumping data for table `master_group`
--

LOCK TABLES `master_group` WRITE;
/*!40000 ALTER TABLE `master_group` DISABLE KEYS */;
INSERT INTO `master_group` VALUES (1,'GLOBAL_ADMIN','GLOBAL ADMIN GROUP',1,0),(2,'KASIR','AKSES HANYA MODUL PENJUALAN',1,1);
/*!40000 ALTER TABLE `master_group` ENABLE KEYS */;
UNLOCK TABLES;

--
-- Table structure for table `master_module`
--

DROP TABLE IF EXISTS `master_module`;
/*!40101 SET @saved_cs_client     = @@character_set_client */;
/*!40101 SET character_set_client = utf8 */;
CREATE TABLE `master_module` (
  `MODULE_ID` smallint(5) unsigned NOT NULL AUTO_INCREMENT,
  `MODULE_NAME` varchar(50) DEFAULT NULL,
  `MODULE_DESCRIPTION` varchar(100) DEFAULT NULL,
  `MODULE_FEATURES` tinyint(3) unsigned DEFAULT NULL,
  `MODULE_ACTIVE` tinyint(3) unsigned DEFAULT NULL,
  PRIMARY KEY (`MODULE_ID`)
) ENGINE=InnoDB AUTO_INCREMENT=57 DEFAULT CHARSET=utf8;
/*!40101 SET character_set_client = @saved_cs_client */;

--
-- Dumping data for table `master_module`
--

LOCK TABLES `master_module` WRITE;
/*!40000 ALTER TABLE `master_module` DISABLE KEYS */;
INSERT INTO `master_module` VALUES (1,'MANAJEMEN SISTEM',NULL,1,1),(2,'DATABASE',NULL,1,1),(3,'MANAJEMEN USER',NULL,3,1),(4,'MANAJEMEN CABANG',NULL,3,1),(5,'SINKRONISASI INFORMASI',NULL,1,1),(6,'PENGATURAN PRINTER',NULL,1,1),(7,'PENGATURAN GAMBAR LATAR',NULL,1,1),(8,'GUDANG',NULL,1,1),(9,'PRODUK',NULL,1,1),(10,'TAMBAH / UPDATE PRODUK',NULL,3,1),(11,'PENGATURAN HARGA PRODUK',NULL,1,1),(12,'PENGATURAN LIMIT STOK',NULL,1,1),(13,'PENGATURAN KATEGORI PRODUK',NULL,1,1),(14,'PECAH SATUAN PRODUK',NULL,1,1),(15,'PENGATURAN NOMOR RAK',NULL,1,1),(16,'KATEGORI PRODUK',NULL,3,1),(17,'SATUAN PRODUK',NULL,1,1),(18,'TAMBAH / UPDATE SATUAN',NULL,1,1),(19,'PENGATURAN KONVERSI SATUAN',NULL,1,1),(20,'STOK OPNAME',NULL,1,1),(21,'PENYESUAIAN STOK',NULL,1,1),(22,'MUTASI BARANG',NULL,1,1),(23,'TAMBAH / UPDATE MUTASI BARANG',NULL,3,1),(24,'CEK PERMINTAAN BARANG',NULL,1,1),(25,'PENERIMAAN BARANG',NULL,1,1),(26,'PENERIMAAN BARANG DARI MUTASI',NULL,1,1),(27,'PENERIMAAN BARANG DARI PO',NULL,1,1),(28,'PEMBELIAN',NULL,1,1),(29,'SUPPLIER',NULL,1,1),(30,'REQUEST ORDER',NULL,3,1),(31,'PURCHASE ORDER',NULL,3,1),(32,'REPRINT REQUEST ORDER',NULL,1,1),(33,'RETUR PEMBELIAN KE SUPPLIER',NULL,1,1),(34,'RETUR PERMINTAAN KE PUSAT',NULL,1,1),(35,'PENJUALAN',NULL,1,1),(36,'PELANGGAN',NULL,3,1),(37,'TRANSAKSI PENJUALAN',NULL,1,1),(38,'SET NO FAKTUR',NULL,1,1),(39,'RETUR PENJUALAN',NULL,1,1),(40,'RETUR PENJUALAN BY INVOICE',NULL,1,1),(41,'RETUR PENJUALAN BY STOK',NULL,1,1),(42,'KEUANGAN',NULL,1,1),(43,'PENGATURAN NO AKUN',NULL,3,1),(44,'TRANSAKSI',NULL,1,1),(45,'TAMBAH TRANSAKSI HARIAN',NULL,1,1),(46,'PEMBAYARAN PIUTANG',NULL,1,1),(47,'PEMBAYARAN PIUTANG MUTASI',NULL,1,1),(48,'PEMBAYARAN HUTANG KE SUPPLIER',NULL,1,1),(49,'PENGATURAN LIMIT PAJAK',NULL,1,1),(50,'MODUL MESSAGING',NULL,1,1),(51,'TAX_MODULE',NULL,1,1),(52,'SALES QUOTATION',NULL,1,0),(53,'APPROVAL SALES QUOTATION',NULL,1,0),(54,'PENGATURAN HARGA POKOK',NULL,1,1),(55,'REVISI STOCK TAKE HARIAN',NULL,1,1),(56,'SALES QUOTATION',NULL,1,0);
/*!40000 ALTER TABLE `master_module` ENABLE KEYS */;
UNLOCK TABLES;

--
-- Table structure for table `master_supplier`
--

DROP TABLE IF EXISTS `master_supplier`;
/*!40101 SET @saved_cs_client     = @@character_set_client */;
/*!40101 SET character_set_client = utf8 */;
CREATE TABLE `master_supplier` (
  `SYNC_ID` int(10) unsigned NOT NULL AUTO_INCREMENT,
  `BRANCH_ID` tinyint(3) unsigned DEFAULT '0',
  `SUPPLIER_ID` smallint(5) unsigned NOT NULL,
  `SUPPLIER_FULL_NAME` varchar(50) DEFAULT NULL,
  `SUPPLIER_ADDRESS1` varchar(50) DEFAULT NULL,
  `SUPPLIER_ADDRESS2` varchar(50) DEFAULT NULL,
  `SUPPLIER_ADDRESS_CITY` varchar(50) DEFAULT NULL,
  `SUPPLIER_PHONE` varchar(15) DEFAULT NULL,
  `SUPPLIER_FAX` varchar(15) DEFAULT NULL,
  `SUPPLIER_EMAIL` varchar(50) DEFAULT NULL,
  `SUPPLIER_ACTIVE` tinyint(3) unsigned DEFAULT NULL,
  PRIMARY KEY (`SYNC_ID`)
) ENGINE=InnoDB DEFAULT CHARSET=utf8;
/*!40101 SET character_set_client = @saved_cs_client */;

--
-- Dumping data for table `master_supplier`
--

LOCK TABLES `master_supplier` WRITE;
/*!40000 ALTER TABLE `master_supplier` DISABLE KEYS */;
/*!40000 ALTER TABLE `master_supplier` ENABLE KEYS */;
UNLOCK TABLES;

--
-- Table structure for table `master_unit`
--

DROP TABLE IF EXISTS `master_unit`;
/*!40101 SET @saved_cs_client     = @@character_set_client */;
/*!40101 SET character_set_client = utf8 */;
CREATE TABLE `master_unit` (
  `UNIT_ID` smallint(5) unsigned AUTO_INCREMENT,
  `UNIT_NAME` varchar(50) DEFAULT NULL,
  `UNIT_DESCRIPTION` varchar(100) DEFAULT NULL,
  `UNIT_ACTIVE` tinyint(3) unsigned DEFAULT NULL,
  PRIMARY KEY (`UNIT_ID`)
) ENGINE=InnoDB DEFAULT CHARSET=utf8;
/*!40101 SET character_set_client = @saved_cs_client */;

--
-- Dumping data for table `master_unit`
--

LOCK TABLES `master_unit` WRITE;
/*!40000 ALTER TABLE `master_unit` DISABLE KEYS */;
/*!40000 ALTER TABLE `master_unit` ENABLE KEYS */;
UNLOCK TABLES;

--
-- Table structure for table `master_user`
--

DROP TABLE IF EXISTS `master_user`;
/*!40101 SET @saved_cs_client     = @@character_set_client */;
/*!40101 SET character_set_client = utf8 */;
CREATE TABLE `master_user` (
  `ID` tinyint(3) unsigned NOT NULL AUTO_INCREMENT,
  `USER_NAME` varchar(15) CHARACTER SET utf8 COLLATE utf8_bin DEFAULT NULL,
  `USER_PASSWORD` varchar(15) CHARACTER SET utf8 COLLATE utf8_bin DEFAULT NULL,
  `USER_FULL_NAME` varchar(50) DEFAULT NULL,
  `USER_PHONE` varchar(15) DEFAULT NULL,
  `USER_ACTIVE` tinyint(1) unsigned DEFAULT NULL,
  `GROUP_ID` tinyint(3) unsigned DEFAULT NULL,
  PRIMARY KEY (`ID`),
  UNIQUE KEY `USER_NAME_UNIQUE` (`USER_NAME`)
) ENGINE=InnoDB AUTO_INCREMENT=2 DEFAULT CHARSET=utf8 COMMENT='	';
/*!40101 SET character_set_client = @saved_cs_client */;

--
-- Dumping data for table `master_user`
--

LOCK TABLES `master_user` WRITE;
/*!40000 ALTER TABLE `master_user` DISABLE KEYS */;
INSERT INTO `master_user` VALUES (1,'ADMIN','admin','ADMIN','1',1,1);
/*!40000 ALTER TABLE `master_user` ENABLE KEYS */;
UNLOCK TABLES;

--
-- Table structure for table `payment_credit`
--

DROP TABLE IF EXISTS `payment_credit`;
/*!40101 SET @saved_cs_client     = @@character_set_client */;
/*!40101 SET character_set_client = utf8 */;
CREATE TABLE `payment_credit` (
  `SYNC_ID` int(10) unsigned NOT NULL AUTO_INCREMENT,
  `BRANCH_ID` tinyint(3) unsigned DEFAULT '0',
  `payment_id` int(10) unsigned NOT NULL,
  `credit_id` int(11) NOT NULL,
  `payment_date` date NOT NULL,
  `pm_id` tinyint(3) NOT NULL,
  `payment_nominal` double NOT NULL,
  `payment_description` varchar(100) DEFAULT NULL,
  `payment_confirmed` tinyint(3) DEFAULT NULL,
  `payment_invalid` tinyint(4) DEFAULT '0',
  `payment_confirmed_date` date DEFAULT NULL,
  `payment_due_date` date DEFAULT NULL,
  `payment_is_dp` tinyint(3) DEFAULT '0',
  `SYNCHRONIZED` tinyint(3) DEFAULT '0',
  `EDITED` tinyint(3) DEFAULT '0',
  PRIMARY KEY (`SYNC_ID`)
) ENGINE=InnoDB DEFAULT CHARSET=utf8;
/*!40101 SET character_set_client = @saved_cs_client */;

--
-- Dumping data for table `payment_credit`
--

LOCK TABLES `payment_credit` WRITE;
/*!40000 ALTER TABLE `payment_credit` DISABLE KEYS */;
/*!40000 ALTER TABLE `payment_credit` ENABLE KEYS */;
UNLOCK TABLES;

--
-- Table structure for table `product_category`
--

DROP TABLE IF EXISTS `product_category`;
/*!40101 SET @saved_cs_client     = @@character_set_client */;
/*!40101 SET character_set_client = utf8 */;
CREATE TABLE `product_category` (
  `PRODUCT_ID` varchar(50) NOT NULL,
  `CATEGORY_ID` tinyint(3) unsigned NOT NULL,
  PRIMARY KEY (`PRODUCT_ID`,`CATEGORY_ID`)
) ENGINE=InnoDB DEFAULT CHARSET=utf8;
/*!40101 SET character_set_client = @saved_cs_client */;

--
-- Dumping data for table `product_category`
--

LOCK TABLES `product_category` WRITE;
/*!40000 ALTER TABLE `product_category` DISABLE KEYS */;
/*!40000 ALTER TABLE `product_category` ENABLE KEYS */;
UNLOCK TABLES;

--
-- Table structure for table `sales_detail`
--

DROP TABLE IF EXISTS `sales_detail`;
/*!40101 SET @saved_cs_client     = @@character_set_client */;
/*!40101 SET character_set_client = utf8 */;
CREATE TABLE `sales_detail` (
  `SYNC_ID` int(10) unsigned NOT NULL AUTO_INCREMENT,
  `BRANCH_ID` tinyint(3) unsigned DEFAULT '0',
  `ID` int(10) unsigned DEFAULT '0',
  `SALES_INVOICE` varchar(30) DEFAULT NULL,
  `PRODUCT_ID` varchar(50) DEFAULT NULL,
  `PRODUCT_PRICE` double DEFAULT '0',
  `PRODUCT_SALES_PRICE` double DEFAULT '0',
  `PRODUCT_QTY` double DEFAULT '0',
  `PRODUCT_DISC1` double DEFAULT '0',
  `PRODUCT_DISC2` double DEFAULT '0',
  `PRODUCT_DISC_RP` double DEFAULT '0',
  `SALES_SUBTOTAL` double DEFAULT '0',
  `IS_COMPLETED` tinyint(4) DEFAULT '0',  
  `SYNCHRONIZED` tinyint(3) DEFAULT '0',
  `EDITED` tinyint(3) DEFAULT '0',
  PRIMARY KEY (`SYNC_ID`)
) ENGINE=InnoDB DEFAULT CHARSET=utf8;
/*!40101 SET character_set_client = @saved_cs_client */;

--
-- Dumping data for table `sales_detail`
--

LOCK TABLES `sales_detail` WRITE;
/*!40000 ALTER TABLE `sales_detail` DISABLE KEYS */;
/*!40000 ALTER TABLE `sales_detail` ENABLE KEYS */;
UNLOCK TABLES;

--
-- Table structure for table `sales_detail_fulfillment`
--

DROP TABLE IF EXISTS `sales_detail_fulfillment`;
/*!40101 SET @saved_cs_client     = @@character_set_client */;
/*!40101 SET character_set_client = utf8 */;
CREATE TABLE `sales_detail_fulfillment` (
  `SYNC_ID` int(10) unsigned NOT NULL AUTO_INCREMENT,
  `BRANCH_ID` tinyint(3) unsigned DEFAULT '0',
  `ID` int(10) unsigned DEFAULT '0',
  `SALES_INVOICE` varchar(30) DEFAULT NULL,
  `FULFILLMENT_DATE` datetime DEFAULT NULL,
  `PRODUCT_ID` varchar(50) DEFAULT NULL,
  `PRODUCT_QTY` double DEFAULT NULL,
  `SYNCHRONIZED` tinyint(3) DEFAULT '0',
  `EDITED` tinyint(3) DEFAULT '0',
  PRIMARY KEY (`SYNC_ID`)
) ENGINE=InnoDB DEFAULT CHARSET=utf8;
/*!40101 SET character_set_client = @saved_cs_client */;

--
-- Dumping data for table `sales_detail_fulfillment`
--

LOCK TABLES `sales_detail_fulfillment` WRITE;
/*!40000 ALTER TABLE `sales_detail_fulfillment` DISABLE KEYS */;
/*!40000 ALTER TABLE `sales_detail_fulfillment` ENABLE KEYS */;
UNLOCK TABLES;

--
-- Table structure for table `sales_header`
--

DROP TABLE IF EXISTS `sales_header`;
/*!40101 SET @saved_cs_client     = @@character_set_client */;
/*!40101 SET character_set_client = utf8 */;
CREATE TABLE `sales_header` (
  `SYNC_ID` int(10) unsigned NOT NULL AUTO_INCREMENT,
  `BRANCH_ID` tinyint(3) unsigned DEFAULT '0',
  `ID` int(10) unsigned DEFAULT '0',
  `SALES_INVOICE` varchar(30) DEFAULT NULL,
  `CUSTOMER_ID` smallint(5) unsigned DEFAULT '0',
  `SALES_DATE` datetime DEFAULT NULL,
  `SALES_TOTAL` double DEFAULT '0',
  `SALES_DISCOUNT_FINAL` double DEFAULT '0',
  `SALES_TOP` tinyint(3) unsigned DEFAULT '0',
  `SALES_TOP_DATE` date DEFAULT NULL,
  `SALES_PAID` tinyint(3) unsigned DEFAULT '0',
  `SALES_PAYMENT` double unsigned DEFAULT '0',
  `SALES_PAYMENT_CHANGE` double unsigned DEFAULT '0',
  `SALES_PAYMENT_METHOD` tinyint(3) unsigned DEFAULT '0',
  `SQ_INVOICE` varchar(30) DEFAULT NULL,
  `SALES_VOID` tinyint(3) DEFAULT '0',
  `SALES_ACTIVE` tinyint(3) DEFAULT '1',
  `SALES_ORDER_DATE` date DEFAULT NULL,
  `SALES_ORDER_DELIVERED` tinyint(3) DEFAULT '0',
  `SALES_ORDER_DELIVERED_ADDRESS` varchar(100) DEFAULT NULL,
  `SALES_ORDER_COMPLETED` tinyint(3) DEFAULT '0',
  `REFERENCE_SO` varchar(30) DEFAULT NULL,
  `SYNCHRONIZED` tinyint(3) DEFAULT '0',
  `EDITED` tinyint(3) DEFAULT '0',
  `USER_NAME` varchar(45) DEFAULT '',
  PRIMARY KEY (`SYNC_ID`)
) ENGINE=InnoDB AUTO_INCREMENT=15 DEFAULT CHARSET=utf8;
/*!40101 SET character_set_client = @saved_cs_client */;

--
-- Dumping data for table `sales_header`
--

LOCK TABLES `sales_header` WRITE;
/*!40000 ALTER TABLE `sales_header` DISABLE KEYS */;
/*!40000 ALTER TABLE `sales_header` ENABLE KEYS */;
UNLOCK TABLES;

--
-- Table structure for table `credit`
--

DROP TABLE IF EXISTS `credit`;
/*!40101 SET @saved_cs_client     = @@character_set_client */;
/*!40101 SET character_set_client = utf8 */;
CREATE TABLE `credit` (
  `SYNC_ID` int(10) unsigned NOT NULL AUTO_INCREMENT,
  `BRANCH_ID` tinyint(3) unsigned DEFAULT '0',
  `CREDIT_ID` int(10) unsigned NOT NULL,
  `SALES_INVOICE` varchar(30) DEFAULT NULL,
  `PM_INVOICE` varchar(30) DEFAULT NULL,
  `CREDIT_DUE_DATE` date DEFAULT NULL,
  `CREDIT_NOMINAL` double DEFAULT '0',
  `CREDIT_PAID` tinyint(3) unsigned DEFAULT NULL,
  `SYNCHRONIZED` tinyint(3) DEFAULT '0',
  `EDITED` tinyint(3) DEFAULT '0',  
  PRIMARY KEY (`SYNC_ID`)
) ENGINE=InnoDB DEFAULT CHARSET=utf8;
/*!40101 SET character_set_client = @saved_cs_client */;

--
-- Dumping data for table `credit`
--

LOCK TABLES `credit` WRITE;
/*!40000 ALTER TABLE `credit` DISABLE KEYS */;
/*!40000 ALTER TABLE `credit` ENABLE KEYS */;
UNLOCK TABLES;

--
-- Table structure for table `daily_journal`
--

DROP TABLE IF EXISTS `daily_journal`;
/*!40101 SET @saved_cs_client     = @@character_set_client */;
/*!40101 SET character_set_client = utf8 */;
CREATE TABLE `daily_journal` (
  `SYNC_ID` int(10) unsigned NOT NULL AUTO_INCREMENT,
  `journal_id` int(10) unsigned NOT NULL,
  `account_id` smallint(5) unsigned NOT NULL,
  `journal_datetime` datetime NOT NULL,
  `journal_nominal` double NOT NULL,
  `branch_id` tinyint(3) unsigned DEFAULT NULL,
  `journal_description` varchar(100) DEFAULT NULL,
  `user_id` tinyint(3) unsigned NOT NULL,
  `pm_id` tinyint(3) unsigned NOT NULL,
  `SYNCHRONIZED` tinyint(3) DEFAULT '0',
  `EDITED` tinyint(3) DEFAULT '0',
  PRIMARY KEY (`SYNC_ID`)
) ENGINE=InnoDB DEFAULT CHARSET=utf8;
/*!40101 SET character_set_client = @saved_cs_client */;

--
-- Dumping data for table `daily_journal`
--

LOCK TABLES `daily_journal` WRITE;
/*!40000 ALTER TABLE `daily_journal` DISABLE KEYS */;
/*!40000 ALTER TABLE `daily_journal` ENABLE KEYS */;
UNLOCK TABLES;

--
-- Table structure for table `user_access_management`
--

DROP TABLE IF EXISTS `user_access_management`;
/*!40101 SET @saved_cs_client     = @@character_set_client */;
/*!40101 SET character_set_client = utf8 */;
CREATE TABLE `user_access_management` (
  `ID` smallint(5) unsigned NOT NULL AUTO_INCREMENT,
  `GROUP_ID` tinyint(3) unsigned DEFAULT NULL,
  `MODULE_ID` smallint(5) unsigned DEFAULT NULL,
  `USER_ACCESS_OPTION` tinyint(3) unsigned DEFAULT NULL,
  PRIMARY KEY (`ID`)
) ENGINE=InnoDB AUTO_INCREMENT=106 DEFAULT CHARSET=utf8;
/*!40101 SET character_set_client = @saved_cs_client */;

--
-- Dumping data for table `user_access_management`
--

LOCK TABLES `user_access_management` WRITE;
/*!40000 ALTER TABLE `user_access_management` DISABLE KEYS */;
INSERT INTO `user_access_management` VALUES (1,1,1,1),(2,1,2,1),(3,1,3,6),(4,1,4,6),(5,1,5,1),(6,1,6,1),(7,1,7,1),(8,1,8,1),(9,1,9,1),(10,1,10,6),(11,1,11,1),(12,1,12,1),(13,1,13,1),(14,1,14,1),(15,1,15,1),(16,1,16,6),(17,1,17,1),(18,1,18,1),(19,1,19,1),(20,1,20,1),(21,1,21,1),(22,1,22,1),(23,1,23,6),(24,1,24,1),(25,1,25,1),(26,1,26,1),(27,1,27,1),(28,1,28,1),(29,1,29,1),(30,1,30,6),(31,1,31,6),(32,1,32,1),(33,1,33,1),(34,1,34,1),(35,1,35,1),(36,1,36,6),(37,1,37,1),(38,1,38,1),(39,1,39,1),(40,1,40,1),(41,1,41,1),(42,1,42,1),(43,1,43,6),(44,1,44,1),(45,1,45,1),(46,1,46,1),(47,1,47,1),(48,1,48,1),(49,2,1,0),(50,2,2,0),(51,2,3,0),(52,2,4,0),(53,2,5,0),(54,2,6,0),(55,2,7,0),(56,2,8,0),(57,2,9,0),(58,2,10,0),(59,2,11,0),(60,2,12,0),(61,2,13,0),(62,2,14,0),(63,2,15,0),(64,2,16,0),(65,2,17,0),(66,2,18,0),(67,2,19,0),(68,2,20,0),(69,2,21,0),(70,2,22,0),(71,2,23,0),(72,2,24,0),(73,2,25,0),(74,2,26,0),(75,2,27,0),(76,2,28,0),(77,2,29,0),(78,2,30,0),(79,2,31,0),(80,2,32,0),(81,2,33,0),(82,2,34,0),(83,2,35,1),(84,2,36,6),(85,2,37,1),(86,2,38,0),(87,2,39,1),(88,2,40,1),(89,2,41,1),(90,2,42,1),(91,2,43,0),(92,2,44,1),(93,2,45,1),(94,2,46,1),(95,2,47,0),(96,2,48,0),(97,1,49,1),(98,2,49,0),(99,1,50,1),(100,1,51,1),(101,1,52,1),(102,1,53,1),(103,1,54,1),(104,1,55,1),(105,1,56,1);
/*!40000 ALTER TABLE `user_access_management` ENABLE KEYS */;
UNLOCK TABLES;

--
-- Table structure for table `sys_config`
--

DROP TABLE IF EXISTS `sys_config`;
/*!40101 SET @saved_cs_client     = @@character_set_client */;
/*!40101 SET character_set_client = utf8 */;
CREATE TABLE `sys_config` (
  `id` tinyint(3) unsigned NOT NULL,
  `no_faktur` varchar(30) NOT NULL DEFAULT '',
  `branch_id` tinyint(3) unsigned DEFAULT NULL,
  `HQ_IP4` varchar(15) DEFAULT NULL,
  `store_name` varchar(50) DEFAULT NULL,
  `store_address` varchar(100) DEFAULT NULL,
  `store_phone` varchar(20) DEFAULT NULL,
  `store_email` varchar(50) DEFAULT NULL,
  `quotation_reminder` tinyint(3) DEFAULT NULL,
  `server_IP4` varchar(15) DEFAULT NULL,
  PRIMARY KEY (`id`)
) ENGINE=InnoDB DEFAULT CHARSET=utf8;
/*!40101 SET character_set_client = @saved_cs_client */;

--
-- Dumping data for table `sys_config`
--

LOCK TABLES `sys_config` WRITE;
/*!40000 ALTER TABLE `sys_config` DISABLE KEYS */;
INSERT INTO `sys_config` VALUES (1,'SLO001',0,'127.0.0.1',NULL,NULL,NULL,NULL,NULL,'127.0.0.1');
/*!40000 ALTER TABLE `sys_config` ENABLE KEYS */;
UNLOCK TABLES;

--
-- Table structure for table `delivery_order_detail`
--

DROP TABLE IF EXISTS `delivery_order_detail`;
/*!40101 SET @saved_cs_client     = @@character_set_client */;
/*!40101 SET character_set_client = utf8 */;
CREATE TABLE `delivery_order_detail` (
  `SYNC_ID` int(10) unsigned NOT NULL AUTO_INCREMENT,
  `BRANCH_ID` tinyint(3) unsigned DEFAULT '0',
  `DO_ID` varchar(30) DEFAULT NULL,
  `PRODUCT_ID` varchar(50) DEFAULT NULL,
  `PRODUCT_QTY` double DEFAULT NULL,
  `PRODUCT_DETAIL_QTY` double DEFAULT '0',
  PRIMARY KEY (`SYNC_ID`)
) ENGINE=InnoDB DEFAULT CHARSET=utf8;
/*!40101 SET character_set_client = @saved_cs_client */;

--
-- Dumping data for table `delivery_order_detail`
--

LOCK TABLES `delivery_order_detail` WRITE;
/*!40000 ALTER TABLE `delivery_order_detail` DISABLE KEYS */;
/*!40000 ALTER TABLE `delivery_order_detail` ENABLE KEYS */;
UNLOCK TABLES;

--
-- Table structure for table `delivery_order_header`
--

DROP TABLE IF EXISTS `delivery_order_header`;
/*!40101 SET @saved_cs_client     = @@character_set_client */;
/*!40101 SET character_set_client = utf8 */;
CREATE TABLE `delivery_order_header` (
  `SYNC_ID` int(10) unsigned NOT NULL AUTO_INCREMENT,
  `BRANCH_ID` tinyint(3) unsigned DEFAULT '0',
  `DO_ID` varchar(30) NOT NULL,
  `SALES_INVOICE` varchar(30) DEFAULT NULL,
  `REV_NO` tinyint(3) DEFAULT NULL,
  `DO_DATE` datetime DEFAULT NULL,
  `DO_PAID` tinyint(4) DEFAULT '0',
  `EKSPEDISI_ID` tinyint(4) DEFAULT '0',
  `DO_COST` double DEFAULT '0',
  `REMARK` varchar(100) DEFAULT NULL,
  PRIMARY KEY (`SYNC_ID`)
) ENGINE=InnoDB DEFAULT CHARSET=utf8;
/*!40101 SET character_set_client = @saved_cs_client */;

--
-- Dumping data for table `delivery_order_header`
--

LOCK TABLES `delivery_order_header` WRITE;
/*!40000 ALTER TABLE `delivery_order_header` DISABLE KEYS */;
/*!40000 ALTER TABLE `delivery_order_header` ENABLE KEYS */;
UNLOCK TABLES;

--
-- Table structure for table `customer_product_disc`
--

DROP TABLE IF EXISTS `customer_product_disc`;
/*!40101 SET @saved_cs_client     = @@character_set_client */;
/*!40101 SET character_set_client = utf8 */;
CREATE TABLE `customer_product_disc` (
  `ID` int(10) unsigned NOT NULL AUTO_INCREMENT,
  `CUSTOMER_ID` smallint(6) DEFAULT NULL,
  `PRODUCT_ID` varchar(50) DEFAULT NULL,
  `DISC_1` double unsigned DEFAULT '0',
  `DISC_2` double unsigned DEFAULT '0',
  `DISC_RP` double unsigned DEFAULT '0',
  PRIMARY KEY (`ID`)
) ENGINE=InnoDB DEFAULT CHARSET=utf8;
/*!40101 SET character_set_client = @saved_cs_client */;

--
-- Dumping data for table `customer_product_disc`
--

LOCK TABLES `customer_product_disc` WRITE;
/*!40000 ALTER TABLE `customer_product_disc` DISABLE KEYS */;
/*!40000 ALTER TABLE `customer_product_disc` ENABLE KEYS */;
UNLOCK TABLES;

--
-- Table structure for table `sales_header_tax`
--

DROP TABLE IF EXISTS `sales_header_tax`;
/*!40101 SET @saved_cs_client     = @@character_set_client */;
/*!40101 SET character_set_client = utf8 */;
CREATE TABLE `sales_header_tax` (
  `ID` int(10) unsigned NOT NULL AUTO_INCREMENT,
  `SALES_INVOICE` varchar(30) DEFAULT NULL,
  `CUSTOMER_ID` smallint(5) unsigned DEFAULT '0',
  `SALES_DATE` datetime DEFAULT NULL,
  `SALES_TOTAL` double DEFAULT '0',
  `SALES_DISCOUNT_FINAL` double DEFAULT '0',
  `SALES_TOP` tinyint(3) unsigned DEFAULT '0',
  `SALES_TOP_DATE` date DEFAULT NULL,
  `SALES_PAID` tinyint(3) unsigned DEFAULT '0',
  `SALES_PAYMENT` double unsigned DEFAULT '0',
  `SALES_PAYMENT_CHANGE` double unsigned DEFAULT '0',
  `SALES_PAYMENT_METHOD` tinyint(3) unsigned DEFAULT '0',
  `SQ_INVOICE` varchar(30) DEFAULT NULL,
  `ORIGIN_SALES_INVOICE` varchar(30) DEFAULT NULL,
  PRIMARY KEY (`ID`),
  UNIQUE KEY `SALES_INVOICE_UNIQUE` (`SALES_INVOICE`)
) ENGINE=InnoDB DEFAULT CHARSET=utf8;
/*!40101 SET character_set_client = @saved_cs_client */;

--
-- Dumping data for table `sales_header_tax`
--

LOCK TABLES `sales_header_tax` WRITE;
/*!40000 ALTER TABLE `sales_header_tax` DISABLE KEYS */;
/*!40000 ALTER TABLE `sales_header_tax` ENABLE KEYS */;
UNLOCK TABLES;

--
-- Table structure for table `sales_detail_tax`
--

DROP TABLE IF EXISTS `sales_detail_tax`;
/*!40101 SET @saved_cs_client     = @@character_set_client */;
/*!40101 SET character_set_client = utf8 */;
CREATE TABLE `sales_detail_tax` (
  `ID` int(10) unsigned NOT NULL AUTO_INCREMENT,
  `SALES_INVOICE` varchar(30) DEFAULT NULL,
  `PRODUCT_ID` varchar(50) DEFAULT NULL,
  `PRODUCT_PRICE` double DEFAULT '0',
  `PRODUCT_SALES_PRICE` double DEFAULT '0',
  `PRODUCT_QTY` double DEFAULT '0',
  `PRODUCT_DISC1` double DEFAULT '0',
  `PRODUCT_DISC2` double DEFAULT '0',
  `PRODUCT_DISC_RP` double DEFAULT '0',
  `SALES_SUBTOTAL` double DEFAULT '0',
  PRIMARY KEY (`ID`)
) ENGINE=InnoDB DEFAULT CHARSET=utf8;
/*!40101 SET character_set_client = @saved_cs_client */;

--
-- Dumping data for table `sales_detail_tax`
--

LOCK TABLES `sales_detail_tax` WRITE;
/*!40000 ALTER TABLE `sales_detail_tax` DISABLE KEYS */;
/*!40000 ALTER TABLE `sales_detail_tax` ENABLE KEYS */;
UNLOCK TABLES;

--
-- Table structure for table `sys_config_tax`
--

DROP TABLE IF EXISTS `sys_config_tax`;
/*!40101 SET @saved_cs_client     = @@character_set_client */;
/*!40101 SET character_set_client = utf8 */;
CREATE TABLE `sys_config_tax` (
  `ID` int(10) unsigned NOT NULL AUTO_INCREMENT,
  `PERSENTASE_PENJUALAN` int(11) DEFAULT '0',
  `PERSENTASE_PEMBELIAN` int(11) DEFAULT '0',
  `AVERAGE_PENJUALAN_HARIAN` double DEFAULT '0',
  `AVERAGE_PEMBELIAN_HARIAN` double DEFAULT '0',
  `RASIO_TOLERANSI` double DEFAULT '0',
  PRIMARY KEY (`ID`)
) ENGINE=InnoDB DEFAULT CHARSET=utf8;
/*!40101 SET character_set_client = @saved_cs_client */;

--
-- Dumping data for table `sys_config_tax`
--

LOCK TABLES `sys_config_tax` WRITE;
/*!40000 ALTER TABLE `sys_config_tax` DISABLE KEYS */;
/*!40000 ALTER TABLE `sys_config_tax` ENABLE KEYS */;
UNLOCK TABLES;

--
-- Table structure for table `payment_method`
--

DROP TABLE IF EXISTS `payment_method`;
/*!40101 SET @saved_cs_client     = @@character_set_client */;
/*!40101 SET character_set_client = utf8 */;
CREATE TABLE `payment_method` (
  `pm_id` tinyint(4) NOT NULL AUTO_INCREMENT,
  `pm_name` varchar(15) NOT NULL,
  `pm_description` varchar(50) DEFAULT NULL,
  PRIMARY KEY (`pm_id`)
) ENGINE=InnoDB AUTO_INCREMENT=7 DEFAULT CHARSET=utf8;
/*!40101 SET character_set_client = @saved_cs_client */;

--
-- Dumping data for table `payment_method`
--

LOCK TABLES `payment_method` WRITE;
/*!40000 ALTER TABLE `payment_method` DISABLE KEYS */;
INSERT INTO `payment_method` VALUES (1,'TUNAI','TUNAI'),(2,'KARTU KREDIT','KARTU KREDIT'),(3,'KARTU DEBIT','KARTU DEBIT'),(4,'TRANSFER','TRANSFER BANK'),(5,'BG','BILYET GIRO'),(6,'CEK','CEK');
/*!40000 ALTER TABLE `payment_method` ENABLE KEYS */;
UNLOCK TABLES;

CREATE TABLE `notif_table` (
  `ID` int(10) unsigned NOT NULL AUTO_INCREMENT,
  `NEW_ORDER` tinyint(3) DEFAULT '0',
  `EDITED` tinyint(3) DEFAULT '0',
  `SYNCHRONIZED` tinyint(3) DEFAULT '1',  
  `BRANCH_ID` tinyint(3) DEFAULT '0',      
  PRIMARY KEY (`ID`)
) ENGINE=InnoDB AUTO_INCREMENT=2 DEFAULT CHARSET=utf8;

LOCK TABLES `notif_table` WRITE;
/*!40000 ALTER TABLE `notif_table` DISABLE KEYS */;
INSERT INTO `notif_table` VALUES (1,0,0, 1);
/*!40000 ALTER TABLE `notif_table` ENABLE KEYS */;
UNLOCK TABLES;